step,loss
0,0.6573135
100,0.084961124
200,0.052396104
300,0.044063125
400,0.039182335
