step,train_acc
0,0.0546875
100,0.9296875
200,0.9921875
300,0.9765625
400,0.9765625
